p_harsh,optimal_Q,optimal_expected_profit
0.2,300,4040.0
0.4,2500,5944.0
0.6000000000000001,3000,15836.000000000005
0.8,3000,26968.0
